,ID,0,5,10,15,20,25,30,35,40,45,50,55,60,65,70,75,80,85,90
Fz_001,101,655.968,652.266,643.600,630.036,611.677,588.663,561.169,529.403,493.609,454.058,411.051,364.916,316.004,264.687,211.355,156.415,100.285,43.391,-13.833
Fz_002,102,871.373,867.819,857.661,840.976,817.890,788.579,753.267,712.223,665.757,614.225,558.019,497.565,433.325,365.786,295.464,222.894,148.626,73.228,-2.727
Fz_003,103,965.599,961.869,950.818,932.530,907.146,874.857,835.911,790.602,739.277,682.325,620.181,553.316,482.240,407.495,329.648,249.292,167.039,83.514,-0.646
Fz_004,104,1257.481,1254.339,1241.652,1219.514,1188.096,1147.635,1098.440,1040.886,975.409,902.510,822.741,736.711,645.074,548.528,447.807,343.678,236.933,128.386,18.861
Fz_005,105,1152.780,1148.059,1134.600,1112.506,1081.945,1043.150,996.415,942.098,880.611,812.421,738.049,658.060,573.062,483.703,390.663,294.649,196.394,96.643,-3.843
Fz_006,106,1298.849,1295.385,1282.063,1258.984,1226.323,1184.329,1133.321,1073.689,1005.885,930.425,847.884,758.891,664.122,564.298,460.180,352.559,242.256,130.108,16.971
Fz_007,107,698.523,695.149,686.485,672.596,653.589,629.607,600.834,567.488,529.823,488.126,442.714,393.932,342.152,287.769,231.195,172.862,113.213,52.703,-8.209
Fz_008,108,845.888,836.682,821.108,799.284,771.378,737.601,698.211,653.506,603.828,549.555,491.099,428.906,363.448,295.224,224.754,152.573,79.230,5.285,-68.700
Fz_009,109,893.314,878.378,856.757,828.615,794.167,753.675,707.448,655.836,599.232,538.069,472.810,403.953,332.021,257.563,181.144,103.347,24.764,-54.009,-132.370
Fz_010,110,1138.311,1121.481,1096.116,1062.410,1020.617,971.057,914.107,850.200,779.822,703.509,621.842,535.443,444.969,351.108,254.575,156.104,56.446,-43.642,-143.398
Fz_011,111,1217.641,1249.070,1270.992,1283.242,1285.726,1278.424,1261.393,1234.762,1198.733,1153.582,1099.651,1037.351,967.156,889.600,805.274,714.820,618.925,518.320,413.770
Fz_012,112,1310.264,1344.735,1368.972,1382.790,1386.085,1378.830,1361.082,1332.975,1294.723,1246.618,1189.025,1122.383,1047.199,964.045,873.554,776.415,673.367,565.194,452.720
Fz_013,113,1368.544,1352.502,1326.166,1289.737,1243.493,1187.784,1123.036,1049.741,968.457,879.803,784.452,683.131,576.612,465.704,351.251,234.126,115.218,-4.566,-124.316
Fz_014,114,794.428,779.901,759.438,733.195,701.372,664.211,621.996,575.046,523.720,468.408,409.532,347.538,282.900,216.108,147.672,78.112,7.957,-62.258,-131.999
Fz_015,115,925.861,914.531,896.240,871.129,839.388,801.259,757.031,707.042,651.672,591.343,526.513,457.676,385.356,310.103,232.489,153.107,72.559,-8.541,-89.576
Fz_016,116,1109.079,1080.483,1043.663,998.900,946.535,886.966,820.647,748.082,669.824,586.468,498.649,407.035,312.323,215.234,116.507,16.893,-82.849,-181.961,-279.688
Fz_017,117,1164.457,1193.733,1213.924,1224.877,1226.507,1218.803,1201.824,1175.697,1140.623,1096.868,1044.765,984.711,917.163,842.634,761.693,674.955,583.079,486.767,386.749
Fz_018,118,1127.695,1131.769,1127.230,1114.112,1092.515,1062.604,1024.605,978.808,925.562,865.272,798.397,725.445,646.973,563.576,475.891,384.583,290.349,193.905,95.985
Fz_019,119,527.308,529.604,527.869,522.116,512.390,498.765,481.343,460.259,435.671,407.768,376.761,342.887,306.403,267.587,226.735,184.158,140.178,95.132,49.362
Fz_020,120,928.759,896.741,857.897,812.524,760.968,703.620,640.917,573.337,501.393,425.633,346.633,264.996,181.342,96.307,10.540,-75.307,-160.582,-244.634,-326.824
Fz_021,121,969.182,959.233,941.983,917.565,886.163,848.017,803.417,752.702,696.259,634.517,567.946,497.053,422.376,344.485,263.973,181.451,97.549,12.904,-71.839
Fz_022,122,1083.299,1080.480,1069.437,1050.255,1023.080,988.119,945.638,895.960,839.463,776.577,707.781,633.599,554.594,471.368,384.555,294.816,202.833,109.306,14.947
Fz_023,123,1205.723,1221.924,1228.825,1226.375,1214.591,1193.563,1163.451,1124.485,1076.960,1021.240,957.747,886.965,809.433,725.741,636.525,542.465,444.276,342.706,238.528
Fz_024,124,1306.279,1308.788,1301.336,1283.980,1256.852,1220.159,1174.180,1119.264,1055.830,984.361,905.400,819.548,727.459,629.834,527.415,420.983,311.346,199.340,85.817
Fz_025,125,984.371,1011.162,1030.256,1041.510,1044.838,1040.213,1027.672,1007.310,979.281,943.800,901.135,851.613,795.609,733.550,665.908,593.199,515.974,434.823,350.363
Fz_026,126,1820.257,1764.468,1695.250,1613.130,1518.733,1412.778,1296.071,1169.500,1034.028,890.687,740.567,584.811,424.604,261.166,95.740,-70.415,-236.034,-399.856,-560.635
Fz_027,127,992.818,948.154,896.275,837.574,772.498,701.544,625.250,544.198,459.004,370.317,278.811,185.184,90.147,-5.576,-101.257,-196.166,-289.583,-380.796,-469.111
Fz_028,128,1276.540,1262.189,1238.232,1204.852,1162.301,1110.905,1051.055,983.205,907.872,825.630,737.104,642.969,543.940,440.771,334.248,225.181,114.401,2.749,-108.923
Fz_029,129,1243.537,1246.231,1239.440,1223.216,1197.682,1163.034,1119.534,1067.514,1007.369,939.558,864.596,783.054,695.553,602.758,505.375,404.147,299.842,193.256,85.199
Fz_030,130,1112.927,1141.461,1161.309,1172.318,1174.406,1167.555,1151.819,1127.316,1094.234,1052.825,1003.402,946.343,882.082,811.108,733.960,651.227,563.538,471.559,375.992
Fz_031,131,1049.525,1093.548,1129.248,1156.354,1174.660,1184.025,1184.380,1175.720,1158.113,1131.692,1096.658,1053.277,1001.881,942.859,876.662,803.793,724.807,640.304,550.929
Fz_032,132,1241.751,1210.094,1169.227,1119.462,1061.177,994.815,920.883,839.942,752.609,659.548,561.467,459.114,353.266,244.729,134.330,22.909,-88.687,-199.607,-309.009
Fz_033,133,1258.160,1236.023,1204.480,1163.769,1114.202,1056.155,990.070,916.450,835.855,748.899,656.243,558.593,456.692,351.315,243.264,133.362,22.445,-88.643,-199.057
Fz_034,134,1065.176,1035.410,997.764,952.524,900.035,840.697,774.960,703.325,626.337,544.583,458.684,369.294,277.093,182.784,87.084,-9.280,-105.572,-201.061,-295.020
Fz_035,135,1430.179,1472.520,1503.655,1523.346,1531.443,1527.885,1512.699,1486.001,1447.993,1398.965,1339.290,1269.422,1189.893,1101.309,1004.342,899.732,788.275,670.818,548.256
Fz_036,136,941.249,981.698,1014.675,1039.930,1057.271,1066.565,1067.742,1060.793,1045.770,1022.789,992.023,953.708,908.134,855.649,796.652,731.592,660.964,585.306,505.193
Fz_037,137,1218.340,1220.348,1213.068,1196.556,1170.937,1136.407,1093.228,1041.729,982.301,915.398,841.528,761.254,675.186,583.979,488.328,388.960,286.632,182.123,76.228
Fz_038,138,1223.406,1190.910,1149.350,1099.043,1040.372,973.782,899.782,818.934,731.853,639.202,541.687,440.049,335.062,227.525,118.257,8.088,-102.142,-211.595,-319.437
Fz_039,139,783.056,834.073,878.742,916.724,947.728,971.520,987.917,996.797,998.089,991.786,977.935,956.641,928.067,892.429,849.999,801.101,746.105,685.431,619.541
Fz_040,140,1176.689,1258.603,1330.938,1393.144,1444.747,1485.355,1514.659,1532.435,1538.548,1532.952,1515.689,1486.892,1446.777,1395.652,1333.906,1262.007,1180.504,1090.016,991.233
Fz_041,141,1095.928,1201.521,1297.971,1384.541,1460.575,1525.493,1578.800,1620.092,1649.055,1665.467,1669.203,1660.237,1638.634,1604.561,1558.276,1500.132,1430.570,1350.122,1259.398
Fz_042,142,1062.856,1184.587,1297.303,1400.146,1492.332,1573.161,1642.018,1698.377,1741.811,1771.989,1788.681,1791.760,1781.202,1757.089,1719.603,1669.030,1605.754,1530.258,1443.115
Fz_043,143,485.183,475.756,462.709,446.140,426.176,402.968,376.693,347.552,315.765,281.575,245.243,207.043,167.269,126.221,84.212,41.563,-1.403,-44.358,-86.975
Fz_044,207,697.452,694.484,686.231,672.755,654.159,630.584,602.211,569.254,531.965,490.627,445.555,397.093,345.608,291.493,235.159,177.036,117.566,57.200,-3.600
Fz_045,208,847.067,837.863,822.282,800.443,772.512,738.702,699.270,654.516,604.781,550.443,491.916,429.645,364.105,295.793,225.230,152.953,79.512,5.465,-68.622
Fz_046,209,887.166,871.661,849.522,820.918,786.066,745.231,698.725,646.901,590.153,528.915,463.651,394.858,323.060,248.804,172.654,95.190,17.001,-61.317,-139.168
Fz_047,210,1132.941,1115.243,1089.058,1054.584,1012.084,961.881,904.358,839.953,769.154,692.502,610.580,524.011,433.453,339.597,243.157,144.865,45.472,-54.268,-153.595
Fz_048,211,1222.604,1254.573,1276.993,1289.695,1292.582,1285.631,1268.895,1242.503,1206.655,1161.623,1107.750,1045.447,975.187,897.506,812.994,722.294,626.098,525.136,420.178
Fz_049,212,1314.609,1348.182,1371.494,1384.369,1386.708,1378.493,1359.787,1330.732,1291.549,1242.537,1184.069,1116.589,1040.611,956.713,865.535,767.769,664.159,555.496,442.604
Fz_050,214,793.361,779.496,759.698,734.119,702.953,666.437,624.849,578.505,527.759,472.996,414.633,353.115,288.909,222.505,154.407,85.134,15.213,-54.824,-124.443
Fz_051,215,924.883,913.677,895.517,870.541,838.940,800.955,756.873,707.031,651.809,591.625,526.939,458.243,386.059,310.937,233.449,154.184,73.745,-7.254,-88.199
Fz_052,216,1103.213,1073.238,1035.096,989.075,935.527,874.860,807.534,734.062,655.003,570.960,482.571,390.509,295.476,198.194,99.403,-0.144,-99.690,-198.477,-295.754
Fz_053,217,1158.442,1188.778,1210.067,1222.147,1224.925,1218.381,1202.565,1177.596,1143.665,1101.030,1050.015,991.009,924.461,850.877,770.818,684.892,593.754,498.097,398.649
Fz_054,218,1131.432,1136.504,1132.927,1120.727,1099.998,1070.898,1033.647,988.529,935.889,876.125,809.694,737.100,658.897,575.679,488.079,396.766,302.432,205.797,107.596
Fz_055,219,532.270,535.742,535.137,530.458,521.743,509.057,492.497,472.188,448.286,420.972,390.454,356.965,320.759,282.112,241.317,198.686,154.543,109.224,63.074
Fz_056,220,928.583,897.948,860.480,816.462,766.231,710.168,648.700,582.296,511.459,436.731,358.678,277.896,194.999,110.617,25.394,-60.022,-144.982,-228.838,-310.953
Fz_057,221,970.301,962.414,947.202,924.781,895.322,859.049,816.238,767.215,712.353,652.070,586.824,517.112,443.465,366.442,286.631,204.638,121.087,36.616,-48.135
Fz_058,222,1084.813,1081.037,1069.034,1048.895,1020.773,984.882,941.496,890.944,833.612,769.936,700.400,625.533,545.906,462.124,374.825,284.673,192.355,98.573,4.041
Fz_059,223,1203.534,1219.802,1226.787,1224.435,1212.765,1191.865,1161.894,1123.080,1075.719,1020.171,956.859,886.265,808.925,725.430,636.413,542.553,444.563,343.191,239.206
Fz_060,224,1301.810,1307.923,1304.083,1290.318,1266.733,1233.507,1190.893,1139.216,1078.869,1010.311,934.064,850.708,760.878,665.257,564.573,459.592,351.114,239.963,126.986
Fz_061,225,995.087,1020.483,1038.112,1047.841,1049.595,1043.361,1029.186,1007.179,977.506,940.394,896.125,845.036,787.516,724.002,654.978,580.970,502.539,420.285,334.831
Fz_062,227,1001.440,963.155,917.541,864.943,805.763,740.450,669.502,593.459,512.899,428.436,340.712,250.395,158.172,64.746,-29.173,-122.871,-215.633,-306.754,-395.540
Fz_063,228,1289.535,1275.724,1252.204,1219.154,1176.826,1125.541,1065.691,997.730,922.175,839.602,750.639,655.964,556.296,452.394,345.050,235.079,123.319,10.621,-102.158
Fz_064,229,1245.023,1247.041,1239.568,1222.661,1196.449,1161.131,1116.977,1064.321,1003.566,935.172,859.662,777.609,689.637,596.418,498.659,397.105,292.529,185.726,77.510
Fz_065,230,1098.484,1131.414,1155.734,1171.258,1177.868,1175.513,1164.213,1144.051,1115.183,1077.828,1032.270,978.856,917.992,850.141,775.820,695.595,610.076,519.914,425.795
Fz_066,231,1045.644,1088.549,1123.169,1149.241,1166.567,1175.015,1174.520,1165.086,1146.785,1119.757,1084.207,1040.405,988.684,929.440,863.122,790.235,711.333,627.019,537.932
Fz_067,232,1238.738,1218.495,1188.979,1150.415,1103.095,1047.380,983.693,912.520,834.403,749.935,659.759,564.562,465.069,362.036,256.248,148.510,39.641,-69.529,-178.170
Fz_068,233,1216.993,1191.758,1157.452,1114.338,1062.743,1003.060,935.743,861.305,780.311,693.379,601.170,504.385,403.762,300.066,194.086,86.629,-21.487,-129.439,-236.407
Fz_069,234,1039.515,1019.867,992.457,957.494,915.244,866.029,810.222,748.249,680.581,607.734,530.262,448.754,363.830,276.138,186.344,95.132,3.196,-88.765,-180.049
Fz_070,235,1438.394,1485.136,1520.576,1544.443,1556.556,1556.823,1545.241,1521.899,1486.975,1440.733,1383.527,1315.791,1238.042,1150.870,1054.939,950.980,839.783,722.195,599.110
Fz_071,236,932.364,965.496,991.280,1009.520,1020.077,1022.870,1017.879,1005.141,984.753,956.871,921.706,879.527,830.653,775.459,714.362,647.829,576.365,500.515,420.855
Fz_072,237,1195.822,1186.849,1168.842,1141.940,1106.347,1062.334,1010.236,950.450,883.430,809.687,729.781,644.321,553.958,459.379,361.303,260.478,157.671,53.663,-50.753
Fz_073,238,1313.790,1305.964,1288.200,1260.631,1223.468,1176.994,1121.562,1057.594,985.578,906.060,819.647,726.996,628.812,525.843,418.871,308.712,196.203,82.201,-32.427
Fz_074,239,839.715,875.944,905.507,928.178,943.786,952.211,953.389,947.311,934.023,913.627,886.277,852.183,811.603,764.846,712.268,654.270,591.292,523.813,452.349
Fz_075,240,1163.811,1242.499,1311.732,1370.981,1419.796,1457.806,1484.721,1500.336,1504.533,1497.280,1478.631,1448.729,1407.802,1356.160,1294.197,1222.384,1141.268,1051.467,953.663
Fz_076,241,1101.197,1191.314,1272.364,1343.731,1404.871,1455.319,1494.692,1522.689,1539.097,1543.792,1536.738,1517.988,1487.685,1446.061,1393.430,1330.195,1256.837,1173.913,1082.055
Fz_077,242,1032.249,1130.052,1219.255,1299.179,1369.215,1428.830,1477.571,1515.067,1541.033,1555.270,1557.671,1548.217,1526.980,1494.122,1449.892,1394.628,1328.750,1252.760,1167.235
Fz_078,243,493.876,497.545,497.427,493.524,485.865,474.508,459.539,441.074,419.251,394.238,366.224,335.423,302.069,266.417,228.737,189.316,148.454,106.462,63.660
Fz_079,301,656.971,653.136,644.329,630.619,612.110,588.942,561.292,529.370,493.419,453.713,410.554,364.271,315.215,263.760,210.298,155.235,98.991,41.993,-15.324
Fz_080,302,870.288,866.516,856.150,839.268,815.999,786.519,751.053,709.872,663.288,611.655,555.368,494.854,430.574,363.017,292.698,220.150,145.928,70.594,-5.277
Fz_081,303,961.430,957.117,945.520,926.726,900.880,868.178,828.868,783.250,731.670,674.523,612.242,545.301,474.211,399.511,321.771,241.582,159.554,76.312,-7.511
Fz_082,304,1255.109,1250.962,1237.294,1214.209,1181.884,1140.564,1090.563,1032.263,966.107,892.597,812.295,725.811,633.802,536.971,436.052,331.815,225.052,116.577,7.215
Fz_083,305,1154.947,1149.358,1135.021,1112.047,1080.609,1040.946,993.362,938.218,875.933,806.981,731.889,651.226,565.606,475.683,382.139,285.686,187.060,87.009,-13.703
Fz_084,306,1305.154,1302.304,1289.544,1266.969,1234.751,1193.137,1142.442,1083.052,1015.420,940.059,857.545,768.503,673.613,573.597,469.215,361.262,250.559,137.950,24.291
Fz_085,307,695.197,693.385,686.297,673.985,656.543,634.105,606.841,574.959,538.701,498.343,454.192,406.584,355.883,302.473,246.760,189.170,130.140,70.120,9.566
Fz_086,308,844.749,846.976,842.758,832.126,815.161,791.992,762.795,727.794,687.253,641.482,590.828,535.678,476.452,413.599,347.599,278.953,208.184,135.830,62.443
Fz_087,309,890.712,898.065,898.583,892.263,879.151,859.349,833.007,800.325,761.552,716.983,666.957,611.856,552.098,488.138,420.463,349.588,276.053,200.416,123.255
Fz_088,310,1138.344,1145.155,1143.250,1132.644,1113.418,1085.719,1049.756,1005.804,954.197,895.329,829.646,757.649,679.886,596.949,509.469,418.111,323.571,226.569,127.842
Fz_089,311,1193.697,1150.272,1098.091,1037.554,969.121,893.311,810.703,721.926,627.653,528.605,425.533,319.222,210.482,100.140,-10.964,-121.984,-232.076,-340.402,-446.138
Fz_090,312,1313.371,1267.277,1211.538,1146.578,1072.893,991.042,901.649,805.394,703.009,595.274,483.008,367.066,248.331,127.706,6.109,-115.535,-236.299,-355.265,-471.527
Fz_091,313,1366.805,1374.089,1370.916,1357.310,1333.373,1299.289,1255.316,1201.790,1139.117,1067.775,988.306,901.316,807.467,707.472,602.092,492.131,378.424,261.837,143.257
Fz_092,314,792.523,801.332,804.043,800.635,791.133,775.611,754.185,727.020,694.322,656.339,613.362,565.716,513.765,457.903,398.557,336.178,271.240,204.238,135.681
Fz_093,315,923.279,928.164,925.984,916.757,900.553,877.496,847.760,811.572,769.207,720.989,667.283,608.499,545.084,477.520,406.322,332.032,255.215,176.456,96.353
Fz_094,316,1100.218,1120.179,1131.615,1134.439,1128.629,1114.230,1091.350,1060.165,1020.911,973.888,919.452,858.019,790.056,716.080,636.655,552.384,463.909,371.903,277.067
Fz_095,317,1163.343,1120.806,1069.739,1010.530,943.630,869.549,788.850,702.148,610.101,513.412,412.815,309.076,202.985,95.350,-13.012,-121.274,-228.614,-334.213,-437.269
Fz_096,318,1146.641,1120.842,1086.514,1043.916,993.374,935.271,870.051,798.209,720.292,636.893,548.647,456.225,360.332,261.695,161.068,59.214,-43.090,-145.066,-245.938
Fz_097,319,527.384,524.939,518.500,508.114,493.861,475.850,454.217,429.127,400.771,369.366,335.149,298.381,259.343,218.331,175.657,131.646,86.634,40.962,-5.022
Fz_098,320,927.721,955.772,976.549,989.893,995.704,993.936,984.605,967.780,943.589,912.217,873.903,828.938,777.664,720.472,657.796,590.114,517.941,441.826,362.349
Fz_099,321,972.451,977.019,974.152,963.871,946.254,921.436,889.605,851.004,805.926,754.714,697.759,635.493,568.391,496.962,421.752,343.332,262.299,179.270,94.876
Fz_100,322,1085.667,1081.046,1068.197,1047.218,1018.269,981.571,937.402,886.099,828.052,763.704,693.543,618.104,537.960,453.723,366.032,275.556,182.982,89.016,-5.627
Fz_101,323,1204.034,1186.843,1160.620,1125.563,1081.941,1030.084,970.388,903.306,829.350,749.082,663.112,572.097,476.727,377.729,275.856,171.884,66.604,-39.184,-144.673
Fz_102,324,1292.486,1267.321,1232.511,1188.321,1135.086,1073.214,1003.173,925.498,840.779,749.661,652.838,551.046,445.061,335.688,223.760,110.130,-4.338,-118.774,-232.306
Fz_103,325,981.238,945.478,902.521,852.696,796.382,734.006,666.044,593.014,515.470,434.002,349.232,261.805,172.384,81.652,-9.702,-100.982,-191.493,-280.547,-367.466
Fz_104,326,1823.779,1872.142,1906.257,1925.864,1930.814,1921.070,1896.705,1857.905,1804.965,1738.289,1658.383,1565.855,1461.411,1345.844,1220.035,1084.940,941.589,791.071,634.533
Fz_105,327,994.786,1039.227,1075.759,1104.104,1124.046,1135.433,1138.179,1132.263,1117.729,1094.689,1063.318,1023.854,976.598,921.909,860.205,791.953,717.675,637.934,553.338
Fz_106,328,1274.489,1282.878,1281.504,1270.377,1249.581,1219.275,1179.690,1131.127,1073.955,1008.610,935.588,855.446,768.794,676.291,578.640,476.586,370.905,262.401,151.900
Fz_107,329,1218.513,1200.197,1172.747,1136.372,1091.348,1038.018,976.789,908.125,832.550,750.639,663.015,570.345,473.334,372.721,269.272,163.773,57.028,-50.152,-156.949
Fz_108,330,1117.538,1091.296,1056.748,1014.158,963.849,906.205,841.665,770.718,693.906,611.813,525.064,434.319,340.268,243.627,145.133,45.534,-54.412,-153.944,-252.304
Fz_109,331,1065.235,1040.866,1008.576,968.610,921.272,866.922,805.975,738.894,666.190,588.415,506.162,420.057,330.755,238.936,145.299,50.555,-44.573,-139.362,-233.090
Fz_110,332,1236.816,1253.474,1260.592,1258.117,1246.067,1224.533,1193.680,1153.742,1105.024,1047.895,982.792,910.209,830.698,744.866,653.365,556.891,456.179,351.995,245.132
Fz_111,333,1289.320,1297.533,1295.870,1284.346,1263.046,1232.134,1191.845,1142.485,1084.430,1018.122,944.066,862.824,775.016,681.310,582.418,479.094,372.124,262.321,150.522
Fz_112,334,1043.121,1066.422,1081.606,1088.559,1087.227,1077.621,1059.814,1033.940,1000.198,958.844,910.192,854.613,792.530,724.415,650.788,572.207,489.271,402.612,312.889
Fz_113,335,1437.489,1388.953,1329.846,1260.619,1181.797,1093.981,997.840,894.104,783.563,667.059,545.479,419.746,290.820,159.680,27.325,-105.238,-237.001,-366.959,-494.125
Fz_114,336,948.990,880.600,805.509,724.287,637.553,545.967,450.226,351.058,249.218,145.482,40.639,-64.514,-169.176,-272.550,-373.850,-472.305,-567.165,-657.709,-743.247
Fz_115,337,1211.184,1197.522,1174.746,1143.029,1102.613,1053.805,996.978,932.563,861.050,782.984,698.960,609.615,515.632,417.724,316.637,213.140,108.021,2.080,-103.877
Fz_116,338,1212.793,1221.739,1221.386,1211.739,1192.869,1164.920,1128.106,1082.706,1029.066,967.595,898.759,823.083,741.143,653.563,561.008,464.184,363.828,260.702,155.592
Fz_117,339,797.998,739.032,674.442,604.719,530.394,452.032,370.230,285.610,198.817,110.510,21.362,-67.948,-156.741,-244.341,-330.082,-413.310,-493.393,-569.721,-641.713
Fz_118,340,1190.783,1095.235,991.352,879.923,761.798,637.875,509.098,376.446,240.929,103.578,-34.561,-172.437,-309.000,-443.212,-574.051,-700.521,-821.659,-936.544,-1044.302
Fz_119,341,1098.912,994.705,882.928,764.431,640.116,510.930,377.855,241.905,104.113,-34.471,-172.793,-309.799,-444.448,-575.714,-702.599,-824.136,-939.402,-1047.518,-1147.661
Fz_120,342,1078.888,954.684,823.214,685.479,542.528,395.447,245.357,93.399,-59.269,-211.486,-362.094,-509.946,-653.917,-792.911,-925.871,-1051.784,-1169.693,-1278.699,-1377.974
Fz_121,343,479.593,487.849,492.393,493.189,490.232,483.544,473.176,459.206,441.742,420.916,396.886,369.836,339.972,307.519,272.727,235.859,197.196,157.032,115.672
Fz_122,407,694.825,693.169,686.238,674.084,656.800,634.518,607.406,575.671,539.556,499.334,455.312,407.824,357.233,303.923,248.300,190.787,131.823,71.855,11.340
Fz_123,408,845.720,848.074,843.974,833.450,816.583,793.502,764.381,729.444,688.954,643.222,592.594,537.456,478.228,415.360,349.331,280.643,209.819,137.399,63.933
Fz_124,409,892.372,899.995,900.769,894.687,881.796,862.195,836.031,803.505,764.863,720.401,670.456,615.408,555.677,491.716,424.014,353.084,279.467,203.723,126.429
Fz_125,410,1137.447,1145.056,1143.952,1134.141,1115.698,1088.765,1053.545,1010.307,959.380,901.152,836.065,764.615,687.347,604.847,517.744,426.700,332.409,235.588,136.974
Fz_126,411,1190.622,1148.402,1097.441,1038.129,970.916,896.314,814.890,727.264,634.103,536.117,434.050,328.680,220.809,111.257,0.858,-109.547,-219.119,-327.023,-432.438
Fz_127,412,1308.654,1263.019,1207.771,1143.331,1070.190,988.904,900.092,804.429,702.645,595.513,483.849,368.502,250.351,130.294,9.246,-111.872,-232.140,-350.640,-466.472
Fz_128,414,793.732,802.641,805.441,802.111,792.676,777.209,755.827,728.692,696.012,658.034,615.049,567.382,515.398,459.491,400.087,337.638,272.619,205.526,136.868
Fz_129,415,920.408,925.518,923.584,914.622,898.699,875.936,846.506,810.634,768.593,720.702,667.327,608.872,545.784,478.542,407.658,333.671,257.145,178.662,98.819
Fz_130,416,1103.884,1124.143,1135.846,1138.905,1133.296,1119.063,1096.312,1065.218,1026.017,979.007,924.547,863.050,794.984,720.869,641.267,556.785,468.065,375.783,280.641
Fz_131,417,1161.751,1119.617,1068.963,1010.174,943.696,870.036,789.755,703.463,611.818,515.516,415.291,311.905,206.146,98.817,-9.264,-117.274,-224.391,-329.801,-432.701
Fz_132,418,1149.383,1124.993,1092.042,1050.780,1001.521,944.639,880.568,809.796,732.861,650.348,562.885,471.139,375.807,277.614,177.309,75.655,-26.575,-128.603,-229.652
Fz_133,419,524.701,522.084,515.493,504.980,490.623,472.532,450.844,425.726,397.368,365.985,331.817,295.124,256.184,215.295,172.768,128.925,84.101,38.638,-7.120
Fz_134,420,929.333,957.398,978.177,991.512,997.300,995.499,986.121,969.238,944.979,913.528,875.124,830.060,778.679,721.372,658.574,590.765,518.459,442.208,362.591
Fz_135,421,973.080,978.066,975.608,965.726,948.493,924.042,892.559,854.282,809.504,758.565,701.853,639.800,572.877,501.594,426.494,348.148,267.152,184.124,99.694
Fz_136,422,1081.648,1076.314,1062.789,1041.175,1011.637,974.400,929.748,878.019,819.608,754.960,684.566,608.961,528.723,444.460,356.815,266.454,174.065,80.352,-13.973
Fz_137,423,1211.550,1193.668,1166.702,1130.857,1086.405,1033.685,973.098,905.105,830.224,749.024,662.124,570.185,473.906,374.020,271.288,166.491,60.427,-46.096,-152.269
Fz_138,424,1293.615,1268.381,1233.493,1189.218,1135.892,1073.921,1003.777,925.994,841.163,749.931,652.991,551.081,444.978,335.488,223.444,109.700,-4.878,-119.420,-233.053
Fz_139,425,981.427,945.193,901.765,851.475,794.704,731.886,663.497,590.058,512.129,430.302,345.201,257.472,167.783,76.818,-14.732,-106.170,-196.799,-285.931,-372.887
Fz_140,427,996.589,1041.394,1078.274,1106.947,1127.196,1138.865,1141.868,1136.180,1121.845,1098.972,1067.736,1028.373,981.184,926.527,864.819,796.529,722.177,642.329,557.592
Fz_141,428,1274.899,1283.046,1281.428,1270.058,1249.022,1218.480,1178.665,1129.879,1072.494,1006.947,933.737,853.420,766.608,673.962,576.186,474.026,368.258,259.687,149.140
Fz_142,429,1224.653,1206.091,1178.350,1141.641,1096.243,1042.503,980.828,911.688,835.610,753.173,665.003,571.772,474.190,372.999,268.969,162.892,55.576,-52.164,-159.506
Fz_143,430,1114.117,1088.647,1054.892,1013.108,963.615,906.787,843.058,772.914,696.886,615.555,529.540,439.494,346.103,250.079,152.151,53.065,-46.425,-145.561,-243.590
Fz_144,431,1048.290,1022.871,989.667,948.931,900.974,846.159,784.905,717.677,644.987,567.388,485.471,399.860,311.205,220.182,127.483,33.814,-60.113,-153.582,-245.882
Fz_145,432,1238.011,1254.846,1262.131,1259.810,1247.901,1226.495,1195.755,1155.914,1107.276,1050.211,985.154,912.598,833.097,747.256,655.728,559.209,458.435,354.171,247.212
Fz_146,433,1289.540,1297.667,1295.918,1284.307,1262.921,1231.924,1191.551,1142.109,1083.976,1017.592,943.464,862.156,774.287,680.524,581.583,478.215,371.207,261.375,149.553
Fz_147,434,1040.892,1064.059,1079.128,1085.984,1084.575,1074.912,1057.068,1031.179,997.442,956.115,907.510,851.999,790.003,721.996,648.493,570.055,487.278,400.793,311.258
Fz_148,435,1431.684,1383.863,1325.510,1257.070,1179.062,1092.080,996.788,893.909,784.227,668.576,547.838,422.929,294.803,164.432,32.810,-99.061,-230.179,-359.545,-486.175
Fz_149,436,931.101,861.598,785.538,703.500,616.107,524.025,427.956,328.629,226.801,123.247,18.756,-85.879,-189.860,-292.396,-392.707,-490.029,-583.621,-672.772,-756.803
Fz_150,437,1214.532,1200.739,1177.808,1145.913,1105.297,1056.269,999.202,934.531,862.747,784.398,700.078,610.431,516.137,417.916,316.514,212.703,107.274,1.028,-105.226
Fz_151,438,1216.206,1225.352,1225.173,1215.670,1196.914,1169.050,1132.288,1086.909,1033.258,971.743,902.832,827.051,744.975,657.229,564.482,467.438,366.837,263.444,158.046
Fz_152,439,797.990,739.612,675.605,606.456,532.692,454.874,373.593,289.470,203.143,115.271,26.521,-62.431,-150.907,-238.235,-323.750,-406.801,-486.756,-563.007,-634.973
Fz_153,440,1182.764,1087.402,983.764,872.639,754.873,631.361,503.045,370.900,235.932,99.169,-38.349,-175.575,-311.465,-444.985,-575.118,-700.874,-821.295,-935.467,-1042.519
Fz_154,441,1110.163,1005.879,893.940,775.198,650.556,520.962,387.404,250.898,112.482,-26.791,-165.859,-303.665,-439.159,-571.312,-699.116,-821.600,-937.831,-1046.925,-1148.051
Fz_155,442,1080.340,956.299,824.979,687.381,544.552,397.579,247.579,95.696,-56.916,-209.095,-359.683,-507.533,-651.520,-790.549,-923.562,-1049.545,-1167.541,-1276.651,-1376.045
Fz_156,443,478.762,487.060,491.651,492.501,489.602,482.977,472.677,458.779,441.389,420.640,396.690,369.721,339.938,307.568,272.857,236.069,197.485,157.398,116.113
Fy_001,102,0.000,41.939,83.559,124.542,164.578,203.362,240.598,276.002,309.306,340.256,368.617,394.172,416.727,436.111,452.175,464.799,473.885,479.364,481.195
Fy_002,103,0.000,187.051,372.679,555.470,734.034,907.011,1073.085,1230.993,1379.532,1517.572,1644.062,1758.040,1858.638,1945.091,2016.741,2073.042,2113.565,2138.004,2146.171
Fy_003,104,0.000,330.728,658.939,982.136,1297.857,1603.701,1897.340,2176.540,2439.174,2683.245,2906.894,3108.421,3286.290,3439.149,3565.834,3665.380,3737.031,3780.241,3794.681
Fy_004,105,0.000,202.542,403.543,601.473,794.825,982.128,1161.957,1332.942,1493.783,1643.255,1780.221,1903.639,2012.568,2106.181,2183.765,2244.728,2288.608,2315.071,2323.914
Fy_005,108,0.000,19.953,39.754,59.253,78.301,96.753,114.468,131.313,147.158,161.883,175.376,187.534,198.265,207.487,215.130,221.136,225.459,228.066,228.937
Fy_006,109,0.000,109.218,217.605,324.335,428.598,529.598,626.568,718.769,805.500,886.100,959.957,1026.508,1085.247,1135.726,1177.562,1210.436,1234.097,1248.367,1253.135
Fy_007,110,0.000,288.466,574.736,856.633,1132.010,1398.771,1654.887,1898.409,2127.482,2340.364,2535.435,2711.209,2866.349,2999.675,3110.171,3196.997,3259.492,3297.180,3309.775
Fy_008,111,0.000,237.557,473.306,705.453,932.230,1151.913,1362.830,1563.374,1752.020,1927.332,2087.976,2232.729,2360.490,2470.286,2561.282,2632.785,2684.250,2715.287,2725.659
Fy_009,113,0.000,30.331,60.431,90.071,119.026,147.075,174.004,199.610,223.696,246.079,266.590,285.072,301.384,315.403,327.021,336.151,342.722,346.684,348.009
Fy_010,114,0.000,23.606,47.032,70.100,92.634,114.464,135.422,155.350,174.095,191.516,207.479,221.862,234.558,245.468,254.510,261.615,266.729,269.813,270.844
Fy_011,115,0.000,63.726,126.967,189.241,250.075,309.006,365.586,419.383,469.988,517.016,560.110,598.941,633.213,662.667,687.077,706.258,720.063,728.389,731.172
Fy_012,116,0.000,255.203,508.464,757.855,1001.479,1237.480,1464.064,1679.505,1882.164,2070.499,2243.076,2398.582,2535.833,2653.785,2751.540,2828.354,2883.643,2916.985,2928.127
Fy_013,117,0.000,216.444,431.241,642.757,849.380,1049.539,1241.710,1424.432,1596.312,1756.044,1902.411,2034.299,2150.705,2250.743,2333.652,2398.800,2445.692,2473.970,2483.421
Fy_014,118,0.000,31.791,63.339,94.406,124.754,154.153,182.378,209.216,234.461,257.922,279.420,298.791,315.888,330.581,342.759,352.328,359.215,363.368,364.756
Fy_015,120,0.000,61.664,122.858,183.117,241.983,299.007,353.755,405.811,454.779,500.285,541.984,579.558,612.722,641.222,664.842,683.402,696.762,704.818,707.510
Fy_016,121,0.000,39.034,77.771,115.916,153.179,189.276,223.933,256.885,287.883,316.689,343.085,366.870,387.863,405.904,420.856,432.605,441.062,446.162,447.866
Fy_017,122,0.000,153.013,304.862,454.390,600.461,741.961,877.815,1006.988,1128.497,1241.417,1344.890,1438.127,1520.419,1591.140,1649.752,1695.808,1728.957,1748.949,1755.629
Fy_018,123,0.000,231.423,461.086,687.239,908.161,1122.172,1327.643,1523.010,1706.785,1877.571,2034.067,2175.083,2299.545,2406.506,2495.153,2564.809,2614.946,2645.182,2655.286
Fy_019,124,0.000,84.183,167.725,249.990,330.353,408.202,482.944,554.011,620.861,682.986,739.914,791.210,836.484,875.392,907.638,932.977,951.215,962.213,965.889
Fy_020,126,0.000,151.527,301.900,449.976,594.628,734.753,869.287,997.205,1117.534,1229.358,1331.825,1424.157,1505.650,1575.684,1633.726,1679.334,1712.162,1731.959,1738.575
Fy_021,127,0.000,117.997,235.096,350.406,463.049,572.168,676.933,776.545,870.248,957.327,1037.121,1109.022,1172.482,1227.019,1272.217,1307.734,1333.297,1348.714,1353.865
Fy_022,129,0.000,248.644,495.396,738.377,975.739,1205.675,1426.435,1636.339,1833.789,2017.283,2185.425,2336.934,2470.658,2585.578,2680.821,2755.660,2809.528,2842.014,2852.870
Fy_023,130,0.000,50.533,100.681,150.064,198.304,245.035,289.901,332.560,372.689,409.981,444.153,474.945,502.123,525.478,544.835,560.045,570.993,577.595,579.801
Fy_024,132,0.000,196.623,391.750,583.896,771.597,953.427,1128.000,1293.988,1450.128,1595.232,1728.196,1848.007,1953.753,2044.630,2119.946,2179.128,2221.726,2247.415,2255.999
Fy_025,133,0.000,102.406,204.033,304.107,401.866,496.567,587.489,673.939,755.261,830.835,900.085,962.485,1017.560,1064.891,1104.118,1134.941,1157.127,1170.506,1174.978
Fy_026,134,0.000,232.809,463.846,691.354,913.599,1128.892,1335.593,1532.129,1717.005,1888.813,2046.247,2188.107,2313.314,2420.916,2510.093,2580.167,2630.604,2661.021,2671.185
Fy_027,137,0.000,132.319,263.630,392.936,519.251,641.614,759.094,870.796,975.872,1073.521,1162.999,1243.626,1314.789,1375.945,1426.629,1466.456,1495.123,1512.410,1518.187
Fy_028,138,0.000,248.690,495.488,738.515,975.921,1205.900,1426.701,1636.644,1834.132,2017.660,2185.833,2337.370,2471.119,2586.061,2681.321,2756.175,2810.053,2842.544,2853.402
Fy_029,208,0.000,20.026,39.900,59.471,78.588,97.108,114.889,131.795,147.698,162.477,176.019,188.222,198.993,208.249,215.920,221.948,226.286,228.903,229.777
Fy_030,209,0.000,111.230,221.614,330.311,436.494,539.355,638.111,732.011,820.340,902.426,977.643,1045.420,1105.241,1156.650,1199.257,1232.736,1256.834,1271.366,1276.222
Fy_031,210,0.000,294.885,587.526,875.695,1157.200,1429.898,1691.713,1940.654,2174.825,2392.444,2591.855,2771.541,2930.133,3066.426,3179.381,3268.139,3332.025,3370.552,3383.427
Fy_032,211,0.000,240.627,479.422,714.568,944.277,1166.799,1380.440,1583.576,1774.660,1952.237,2114.957,2261.581,2390.993,2502.208,2594.379,2666.806,2718.937,2750.375,2760.881
Fy_033,214,0.000,22.810,45.447,67.738,89.514,110.608,130.860,150.116,168.230,185.064,200.489,214.388,226.656,237.199,245.936,252.802,257.744,260.724,261.720
Fy_034,215,0.000,64.014,127.540,190.096,251.205,310.402,367.237,421.277,472.111,519.352,562.640,601.646,636.073,665.660,690.180,709.448,723.316,731.679,734.474
Fy_035,216,0.000,262.062,522.130,778.225,1028.396,1270.741,1503.415,1724.647,1932.753,2126.149,2303.365,2463.050,2603.991,2725.113,2825.495,2904.374,2961.149,2995.388,3006.829
Fy_036,217,0.000,221.379,441.073,657.411,868.745,1073.467,1270.020,1456.907,1632.706,1796.079,1945.783,2080.679,2199.739,2302.058,2386.857,2453.490,2501.451,2530.374,2540.040
Fy_037,218,0.000,29.717,59.209,88.249,116.618,144.100,170.484,195.572,219.170,241.101,261.197,279.305,295.288,309.023,320.406,329.351,335.789,339.671,340.969
Fy_038,220,0.000,60.483,120.505,179.610,237.349,293.281,346.981,398.040,446.070,490.705,531.605,568.460,600.988,628.943,652.110,670.315,683.419,691.321,693.961
Fy_039,221,0.000,36.351,72.426,107.949,142.651,176.267,208.542,239.229,268.096,294.923,319.505,341.655,361.205,378.006,391.930,402.872,410.747,415.496,417.084
Fy_040,222,0.000,156.628,312.064,465.125,614.646,759.489,898.552,1030.776,1155.156,1270.744,1376.661,1472.101,1556.337,1628.729,1688.725,1735.869,1769.802,1790.265,1797.104
Fy_041,223,0.000,240.247,478.666,713.441,942.787,1164.958,1378.263,1581.078,1771.861,1949.158,2111.621,2258.014,2387.221,2498.261,2590.287,2662.600,2714.648,2746.036,2756.526
Fy_042,224,0.000,78.928,157.255,234.386,309.733,382.722,452.799,519.429,582.107,640.354,693.728,741.822,784.270,820.750,850.983,874.740,891.839,902.151,905.598
Fy_043,227,0.000,105.912,211.018,314.518,415.625,513.568,607.603,697.013,781.119,859.280,930.901,995.438,1052.399,1101.350,1141.919,1173.798,1196.744,1210.581,1215.205
Fy_044,229,0.000,265.230,528.442,787.632,1040.828,1286.102,1521.588,1745.495,1956.116,2151.851,2331.209,2492.825,2635.469,2758.055,2859.651,2939.483,2996.944,3031.597,3043.177
Fy_045,230,0.000,37.856,75.424,112.417,148.555,183.563,217.173,249.131,279.193,307.130,332.729,355.796,376.155,393.652,408.152,419.547,427.748,432.694,434.347
Fy_046,232,0.000,180.070,358.769,534.738,706.638,873.159,1033.035,1185.049,1328.044,1460.932,1582.702,1692.426,1789.270,1872.496,1941.471,1995.671,2034.682,2058.208,2066.070
Fy_047,233,0.000,96.618,192.501,286.919,379.153,468.501,554.284,635.849,712.574,783.876,849.213,908.086,960.048,1004.704,1041.713,1070.795,1091.727,1104.350,1108.568
Fy_048,234,0.000,231.619,461.474,687.818,908.927,1123.119,1328.762,1524.294,1708.224,1879.154,2035.782,2176.917,2301.484,2408.535,2497.256,2566.972,2617.151,2647.412,2657.525
Fy_049,237,0.000,147.488,293.854,437.983,578.779,715.170,846.118,970.626,1087.748,1196.591,1296.328,1386.198,1465.519,1533.686,1590.181,1634.574,1666.527,1685.796,1692.236
Fy_050,238,0.000,200.576,399.626,595.634,787.109,972.594,1150.676,1320.002,1479.281,1627.302,1762.938,1885.158,1993.030,2085.734,2162.564,2222.936,2266.390,2292.595,2301.353
Fy_051,302,0.000,42.373,84.424,125.832,166.282,205.467,243.088,278.860,312.508,343.779,372.433,398.253,421.041,440.626,456.857,469.611,478.791,484.327,486.177
Fy_052,303,0.000,189.438,377.435,562.559,743.402,918.587,1086.781,1246.704,1397.139,1536.940,1665.045,1780.478,1882.360,1969.916,2042.480,2099.500,2140.541,2165.291,2173.562
Fy_053,304,0.000,335.427,668.301,996.089,1316.296,1626.485,1924.295,2207.461,2473.826,2721.365,2948.191,3152.581,3332.977,3488.008,3616.492,3717.453,3790.122,3833.946,3848.591
Fy_054,305,0.000,201.071,400.612,597.105,789.053,974.995,1153.518,1323.261,1482.934,1631.320,1767.292,1889.813,1997.951,2090.884,2167.904,2228.425,2271.986,2298.256,2307.035
Fy_055,308,0.000,20.424,40.693,60.651,80.149,99.036,117.170,134.411,150.630,165.703,179.514,191.959,202.944,212.383,220.207,226.354,230.779,233.448,234.339
Fy_056,309,0.000,109.618,218.403,325.525,430.169,531.540,628.865,721.405,808.454,889.350,963.478,1030.273,1089.227,1139.891,1181.880,1214.875,1238.623,1252.945,1257.731
Fy_057,310,0.000,295.626,589.003,877.897,1160.109,1433.493,1695.966,1945.533,2180.292,2398.459,2598.371,2778.509,2937.500,3074.135,3187.374,3276.355,3340.402,3379.025,3391.933
Fy_058,311,0.000,242.191,482.539,719.215,950.417,1174.386,1389.416,1593.873,1786.199,1964.932,2128.710,2276.287,2406.540,2518.478,2611.249,2684.147,2736.616,2768.259,2778.833
Fy_059,313,0.000,27.632,55.054,82.057,108.435,133.988,158.522,181.849,203.792,224.184,242.869,259.707,274.568,287.339,297.924,306.241,312.227,315.837,317.044
Fy_060,314,0.000,25.354,50.515,75.292,99.495,122.942,145.453,166.856,186.990,205.701,222.846,238.296,251.931,263.650,273.361,280.993,286.486,289.798,290.905
Fy_061,315,0.000,64.085,127.682,190.308,251.485,310.748,367.646,421.746,472.637,519.930,563.267,602.316,636.782,666.401,690.949,710.238,724.122,732.494,735.292
Fy_062,316,0.000,255.331,508.718,758.233,1001.978,1238.098,1464.795,1680.343,1883.104,2071.532,2244.195,2399.779,2537.099,2655.109,2752.913,2829.766,2885.082,2918.441,2929.589
Fy_063,317,0.000,224.138,446.571,665.604,879.572,1086.846,1285.849,1475.065,1653.055,1818.465,1970.035,2106.611,2227.155,2330.750,2416.605,2484.069,2532.628,2561.912,2571.698
Fy_064,318,0.000,23.196,46.215,68.883,91.026,112.476,133.071,152.653,171.073,188.191,203.876,218.011,230.486,241.206,250.091,257.073,262.098,265.129,266.142
Fy_065,320,0.000,63.636,126.789,188.976,249.725,308.573,365.073,418.795,469.329,516.291,559.324,598.101,632.325,661.737,686.113,705.267,719.053,727.368,730.146
Fy_066,321,0.000,41.911,83.503,124.460,164.469,203.227,240.438,275.819,309.101,340.030,368.372,393.910,416.450,435.821,451.875,464.490,473.570,479.045,480.875
Fy_067,322,0.000,154.246,307.319,458.052,605.299,747.940,884.889,1015.103,1137.591,1251.421,1355.728,1449.717,1532.672,1603.963,1663.047,1709.474,1742.890,1763.043,1769.777
Fy_068,323,0.000,251.140,500.369,745.790,985.535,1217.779,1440.755,1652.767,1852.199,2037.536,2207.365,2360.395,2495.461,2611.536,2707.734,2783.326,2837.734,2870.546,2881.511
Fy_069,324,0.000,16.652,33.178,49.451,65.347,80.747,95.531,109.589,122.813,135.102,146.362,156.509,165.465,173.161,179.540,184.552,188.160,190.336,191.063
Fy_070,326,0.000,161.731,322.232,480.280,634.673,784.236,927.830,1064.363,1192.795,1312.150,1421.518,1520.068,1607.049,1681.799,1743.750,1792.430,1827.469,1848.599,1855.660
Fy_071,327,0.000,133.679,266.340,396.974,524.587,648.207,766.895,879.745,985.901,1084.553,1174.951,1256.407,1328.301,1390.085,1441.291,1481.527,1510.488,1527.953,1533.789
Fy_072,329,0.000,255.792,509.638,759.605,1003.791,1240.338,1467.445,1683.383,1886.511,2075.280,2248.256,2404.121,2541.689,2659.913,2757.894,2834.886,2890.302,2923.721,2934.890
Fy_073,330,0.000,75.224,149.875,223.386,295.196,364.760,431.548,495.051,554.787,610.301,661.170,707.007,747.463,782.230,811.045,833.686,849.983,859.811,863.096
Fy_074,332,0.000,214.242,426.854,636.218,840.739,1038.862,1229.078,1409.940,1580.072,1738.179,1883.057,2013.604,2128.826,2227.846,2309.911,2374.397,2420.811,2448.802,2458.156
Fy_075,333,0.000,122.216,243.503,362.936,479.607,592.628,701.138,804.313,901.366,991.559,1074.206,1148.678,1214.407,1270.894,1317.709,1354.495,1380.973,1396.940,1402.276
Fy_076,334,0.000,229.810,457.871,682.447,901.830,1114.349,1318.387,1512.391,1694.885,1864.480,2019.886,2159.918,2283.513,2389.728,2477.756,2546.928,2596.715,2626.740,2636.773
Fy_077,337,0.000,131.108,261.218,389.340,514.500,635.743,752.148,862.829,966.943,1063.698,1152.358,1232.247,1302.759,1363.355,1413.576,1453.038,1481.442,1498.572,1504.296
Fy_078,338,0.000,221.556,441.425,657.935,869.437,1074.323,1271.032,1458.069,1634.008,1797.511,1947.335,2082.338,2201.493,2303.893,2388.760,2455.446,2503.445,2532.392,2542.065
Fy_079,408,0.000,20.429,40.703,60.667,80.170,99.062,117.200,134.446,150.670,165.746,179.561,192.009,202.996,212.439,220.264,226.413,230.839,233.508,234.400
Fy_080,409,0.000,108.741,216.655,322.920,426.727,527.287,623.833,715.632,801.985,882.234,955.768,1022.029,1080.511,1130.770,1172.423,1205.154,1228.712,1242.919,1247.667
Fy_081,410,0.000,294.273,586.307,873.879,1154.800,1426.932,1688.204,1936.628,2170.313,2387.481,2586.479,2765.792,2924.055,3060.065,3172.786,3261.360,3325.113,3363.560,3376.408
Fy_082,411,0.000,242.572,483.298,720.346,951.912,1176.233,1391.602,1596.380,1789.009,1968.022,2132.057,2279.867,2410.325,2522.439,2615.356,2688.368,2740.920,2772.612,2783.203
Fy_083,414,0.000,25.389,50.584,75.395,99.631,123.110,145.651,167.084,187.246,205.982,223.151,238.621,252.276,264.010,273.735,281.377,286.877,290.194,291.303
Fy_084,415,0.000,64.324,128.159,191.018,252.423,311.907,369.018,423.320,474.400,521.870,565.368,604.563,639.158,668.888,693.527,712.888,726.823,735.227,738.036
Fy_085,416,0.000,255.296,508.648,758.130,1001.842,1237.929,1464.595,1680.114,1882.847,2071.250,2243.890,2399.452,2536.753,2654.747,2752.538,2829.380,2884.689,2918.043,2929.190
Fy_086,417,0.000,223.958,446.212,665.070,878.867,1085.975,1284.817,1473.882,1651.729,1817.006,1968.454,2104.922,2225.369,2328.880,2414.667,2482.077,2530.596,2559.857,2569.635
Fy_087,418,0.000,26.043,51.887,77.337,102.198,126.282,149.404,171.389,192.070,211.289,228.900,244.769,258.775,270.812,280.788,288.626,294.268,297.671,298.808
Fy_088,420,0.000,63.739,126.992,189.279,250.125,309.068,365.659,419.467,470.082,517.120,560.222,599.061,633.340,662.799,687.214,706.399,720.208,728.535,731.318
Fy_089,421,0.000,42.709,85.094,126.830,167.602,207.098,245.017,281.072,314.988,346.507,375.388,401.413,424.383,444.122,460.482,473.337,482.590,488.170,490.035
Fy_090,422,0.000,153.968,306.764,457.226,604.208,746.591,883.292,1013.271,1135.539,1249.164,1353.282,1447.102,1529.907,1601.070,1660.047,1706.390,1739.746,1759.862,1766.585
Fy_091,423,0.000,248.625,495.358,738.320,975.664,1205.582,1426.325,1636.213,1833.648,2017.128,2185.257,2336.754,2470.468,2585.379,2680.614,2755.449,2809.312,2841.795,2852.650
Fy_092,424,0.000,21.396,42.628,63.537,83.962,103.748,122.744,140.806,157.796,173.586,188.055,201.092,212.599,222.487,230.683,237.123,241.758,244.554,245.488
Fy_093,427,0.000,134.106,267.192,398.244,526.265,650.281,769.348,882.559,989.054,1088.022,1178.709,1260.425,1332.549,1394.531,1445.900,1486.265,1515.319,1532.840,1538.695
Fy_094,429,0.000,252.934,503.944,751.118,992.575,1226.479,1451.048,1664.574,1865.432,2052.092,2223.135,2377.258,2513.289,2630.193,2727.079,2803.210,2858.007,2891.053,2902.096
Fy_095,430,0.000,77.620,154.649,230.502,304.600,376.380,445.295,510.822,572.461,629.743,682.232,729.529,771.274,807.149,836.881,860.244,877.060,887.202,890.590
Fy_096,432,0.000,215.417,429.195,639.706,845.349,1044.558,1235.818,1417.672,1588.737,1747.710,1893.383,2024.645,2140.499,2240.063,2322.578,2387.417,2434.086,2462.230,2471.636
Fy_097,433,0.000,120.233,239.551,357.046,471.823,583.010,689.759,791.259,886.738,975.467,1056.773,1130.036,1194.698,1250.269,1296.324,1332.513,1358.561,1374.269,1379.519
Fy_098,434,0.000,229.864,457.979,682.608,902.043,1114.612,1318.698,1512.748,1695.285,1864.921,2020.363,2160.428,2284.052,2390.293,2478.342,2547.529,2597.328,2627.360,2637.396
Fy_099,437,0.000,132.078,263.151,392.222,518.307,640.447,757.714,869.214,974.098,1071.569,1160.885,1241.366,1312.399,1373.444,1424.036,1463.791,1492.405,1509.661,1515.428
Fy_100,438,0.000,221.036,440.391,656.393,867.400,1071.806,1268.054,1454.652,1630.179,1793.300,1942.772,2077.459,2196.335,2298.495,2383.163,2449.693,2497.580,2526.458,2536.109
Fx_001,112,0.000,5.553,11.065,16.491,21.793,26.928,31.859,36.547,40.957,45.056,48.811,52.195,55.182,57.748,59.876,61.547,62.750,63.476,63.718
Fx_002,128,0.000,-16.350,-32.575,-48.553,-64.161,-79.281,-93.797,-107.600,-120.584,-132.649,-143.706,-153.669,-162.462,-170.018,-176.281,-181.202,-184.745,-186.881,-187.595
Fx_003,135,0.000,-21.845,-43.524,-64.872,-85.727,-105.928,-125.324,-143.766,-161.113,-177.235,-192.007,-205.318,-217.067,-227.164,-235.532,-242.107,-246.840,-249.694,-250.648
Fx_004,212,0.000,-5.262,-10.483,-15.625,-20.648,-25.513,-30.185,-34.626,-38.805,-42.688,-46.246,-49.452,-52.281,-54.713,-56.729,-58.312,-59.452,-60.140,-60.369
Fx_005,228,0.000,17.868,35.601,53.063,70.120,86.644,102.509,117.593,131.783,144.970,157.053,167.941,177.551,185.809,192.654,198.032,201.903,204.238,205.018
Fx_006,235,0.000,15.277,30.437,45.366,59.949,74.076,87.640,100.536,112.667,123.941,134.272,143.581,151.796,158.857,164.709,169.307,172.617,174.612,175.279
Fx_007,312,0.000,13.509,26.916,40.117,53.014,65.507,77.501,88.905,99.633,109.603,118.738,126.970,134.236,140.479,145.654,149.720,152.647,154.412,155.002
Fx_008,328,0.000,-21.201,-42.240,-62.958,-83.197,-102.803,-121.626,-139.523,-156.359,-172.005,-186.342,-199.260,-210.662,-220.461,-228.582,-234.963,-239.556,-242.326,-243.252
Fx_009,335,0.000,-33.965,-67.672,-100.863,-133.287,-164.697,-194.853,-223.526,-250.498,-275.564,-298.532,-319.229,-337.496,-353.194,-366.204,-376.428,-383.786,-388.224,-389.706
Fx_010,412,0.000,-11.971,-23.851,-35.549,-46.977,-58.047,-68.675,-78.781,-88.287,-97.122,-105.217,-112.511,-118.949,-124.482,-129.067,-132.671,-135.264,-136.828,-137.351
Fx_011,428,0.000,24.229,48.273,71.950,95.079,117.484,138.996,159.449,178.690,196.570,212.954,227.717,240.748,251.946,261.227,268.519,273.768,276.934,277.992
Fx_012,435,0.000,34.157,68.055,101.434,134.042,165.629,195.956,224.792,251.916,277.124,300.222,321.036,339.406,355.193,368.277,378.558,385.958,390.421,391.912
